"","ID","stimuli_type","stimuli_compatibility","RT","RT_sd","RT_md","corrects","missed","condition","cost_ben_val","cost_benefit","RTCV","accuracy"
"1",10107,"audio","incongruent",1.75724685714286,0.379782365367296,1.720367,14,0,"VR",0.0800169999999998,"cost",0.216123513792929,0.875
"2",10107,"visual","incongruent",1.75142135714286,0.457502930406186,1.6403505,14,1,"VR",0.120026,"cost",0.261218083552734,0.875
"3",10107,"audio.visual","incongruent",1.7386308,0.579329867010343,1.5801925,14,0,"VR",0.0903170000000004,"cost",0.333210401547208,0.875
"4",10107,"audio","congruent",1.56818086666667,0.210893558393757,1.600342,15,0,"VR",0.040008,"benefit",0.134482930430106,0.9375
"5",10107,"visual","congruent",1.5914409375,0.362513692389951,1.460312,16,0,"VR",0.0600125,"benefit",0.2277895986259,1
"6",10107,"audio.visual","congruent",1.69445792857143,0.459810623841609,1.6503525,14,0,"VR",-0.160477,"benefit",0.27136148740457,0.875
"7",10107,"audio","neutral",1.69332973333333,0.412409104789245,1.64035,15,0,"VR",NA,NA,0.243549201712424,0.9375
"8",10107,"visual","neutral",1.59005483333333,0.253715081452273,1.5203245,12,1,"VR",NA,NA,0.159563730843416,0.75
"9",10107,"audio.visual","neutral",1.515803,0.245439199622291,1.4898755,14,0,"VR",NA,NA,0.161920249281926,0.875
"172",10107,"audio","incongruent",1.42293030714286,0.389684824239295,1.430027,14,0,"PC",0.119747,"cost",0.27386079436438,0.875
"173",10107,"visual","incongruent",1.29837625833333,0.317099227791842,1.219795,12,0,"PC",-0.270098,"cost",0.24422753093074,0.75
"174",10107,"audio.visual","incongruent",1.31086117692308,0.200516475119104,1.300278,13,0,"PC",-0.100021,"cost",0.152965454045841,0.8125
"175",10107,"audio","congruent",1.34153526153846,0.396183456917118,1.160248,13,0,"PC",0.150032,"benefit",0.295320941816153,0.8125
"176",10107,"visual","congruent",1.38008654,0.31307977328085,1.420303,15,0,"PC",0.0695899999999998,"benefit",0.226855174807262,0.9375
"177",10107,"audio.visual","congruent",1.44385874375,0.322397278397297,1.4501695,16,0,"PC",-0.0498704999999999,"benefit",0.223288656035676,1
"178",10107,"audio","neutral",1.356877,0.24111758136983,1.31028,12,0,"PC",NA,NA,0.177700396844983,0.75
"179",10107,"visual","neutral",1.61297185714286,0.623269566427025,1.489893,14,0,"PC",NA,NA,0.386410688857929,0.875
"180",10107,"audio.visual","neutral",1.46290126,0.362879925127287,1.400299,15,0,"PC",NA,NA,0.248054967925372,0.9375
"10",10133,"audio","incongruent",1.87580545714286,0.693416406957766,1.7898695,14,0,"VR",0.0901544999999999,"cost",0.369663284813099,0.875
"11",10133,"visual","incongruent",2.10955272666667,0.864041695500417,1.879684,15,0,"VR",0.239334,"cost",0.409585256902159,0.9375
"12",10133,"audio.visual","incongruent",1.84006721428571,0.475502672373333,1.849865,14,0,"VR",-0.1403845,"cost",0.258415925614932,0.875
"13",10133,"audio","congruent",1.85275388571429,0.558197092261559,1.8096965,14,0,"VR",-0.1099815,"benefit",0.301279677007051,0.875
"14",10133,"visual","congruent",1.77509580833333,0.585381694720761,1.7600635,12,0,"VR",-0.1197135,"benefit",0.32977470397521,0.75
"15",10133,"audio.visual","congruent",1.81444371428571,0.589203732360029,1.6798775,14,0,"VR",0.310372,"benefit",0.324729683109503,0.875
"16",10133,"audio","neutral",1.98172623076923,0.739619492157415,1.699715,13,0,"VR",NA,NA,0.373219812441158,0.8125
"17",10133,"visual","neutral",1.78570345454545,0.589145799022511,1.64035,11,1,"VR",NA,NA,0.3299236485895,0.6875
"18",10133,"audio.visual","neutral",2.1062337,0.538011890456387,1.9902495,10,2,"VR",NA,NA,0.255437889184086,0.625
"181",10133,"audio","incongruent",1.57476712666667,0.538836044902407,1.439758,15,0,"PC",-0.0602590000000001,"cost",0.342168715474122,0.9375
"182",10133,"visual","incongruent",1.37992246153846,0.206651981832023,1.400032,13,0,"PC",-0.20031,"cost",0.149756227318474,0.8125
"183",10133,"audio.visual","incongruent",1.51438066428571,0.473242117610773,1.370163,14,1,"PC",-0.0601425,"cost",0.312498784996034,0.875
"184",10133,"audio","congruent",1.72587157142857,0.438698402259669,1.630201,14,1,"PC",-0.130184,"benefit",0.254189482880549,0.875
"185",10133,"visual","congruent",1.69876653333333,0.631594595448792,1.399765,15,1,"PC",0.200577,"benefit",0.371795996127539,0.9375
"186",10133,"audio.visual","congruent",1.58488515384615,0.40175517213469,1.50032,13,1,"PC",-0.0700145000000001,"benefit",0.253491662256866,0.8125
"187",10133,"audio","neutral",1.56570875,0.417713023963303,1.500017,14,0,"PC",NA,NA,0.266788458558019,0.875
"188",10133,"visual","neutral",1.6695086,0.469864941653268,1.600342,15,0,"PC",NA,NA,0.281439066353577,0.9375
"189",10133,"audio.visual","neutral",1.57881431428571,0.522710068939294,1.4303055,14,0,"PC",NA,NA,0.331077609450088,0.875
"19",10137,"audio","incongruent",1.80677465833333,0.741594326341664,1.940235,12,2,"VR",0.2401925,"cost",0.41045203004217,0.75
"20",10137,"visual","incongruent",1.82679136666667,0.699540274466829,1.64989,6,2,"VR",-0.470563,"cost",0.38293386274497,0.375
"21",10137,"audio.visual","incongruent",1.97160557142857,0.335496682545375,1.92041,7,5,"VR",-0.0198250000000002,"cost",0.17016419886777,0.4375
"22",10137,"audio","congruent",2.08726490909091,0.523012671735295,2.140457,11,4,"VR",-0.4404145,"benefit",0.25057321160211,0.6875
"23",10137,"visual","congruent",1.6282643,0.341122879207951,1.550184,10,4,"VR",0.570269,"benefit",0.209500926359407,0.625
"24",10137,"audio.visual","congruent",1.93460018181818,0.461009657546307,1.959671,11,1,"VR",-0.0194359999999996,"benefit",0.238297123032957,0.6875
"25",10137,"audio","neutral",1.8621971,0.561711925511141,1.7000425,10,3,"VR",NA,NA,0.301639351447353,0.625
"26",10137,"visual","neutral",2.26026577777778,0.732314225511627,2.120453,9,4,"VR",NA,NA,0.32399474111032,0.5625
"27",10137,"audio.visual","neutral",2.18229757,1.16680672260161,1.940235,10,5,"VR",NA,NA,0.534668937289616,0.625
"190",10137,"audio","incongruent",1.86012277777778,0.523081255612065,1.840393,9,2,"PC",0.140358,"cost",0.281207919101432,0.5625
"191",10137,"visual","incongruent",1.92315983333333,0.46064974572246,1.9298535,6,1,"PC",0.169671,"cost",0.239527540944964,0.375
"192",10137,"audio.visual","incongruent",1.92243622222222,0.685292265829474,1.620346,9,1,"PC",-0.0393749999999999,"cost",0.356470741607915,0.5625
"193",10137,"audio","congruent",1.77702115384615,0.604372772846479,1.520325,13,2,"PC",0.17971,"benefit",0.340104433500065,0.8125
"194",10137,"visual","congruent",2.0360233,0.518341563886433,1.9496725,10,1,"PC",-0.18949,"benefit",0.254585280967282,0.625
"195",10137,"audio.visual","congruent",1.7141697,0.48445564785232,1.6100365,10,2,"PC",0.0496844999999999,"benefit",0.2826182541042,0.625
"196",10137,"audio","neutral",2.08528358333333,1.0479892271127,1.700035,12,2,"PC",NA,NA,0.502564368457494,0.75
"197",10137,"visual","neutral",1.73273525,0.436101749914185,1.7601825,8,2,"PC",NA,NA,0.251684006494463,0.5
"198",10137,"audio.visual","neutral",1.96295357142857,0.722532991503008,1.659721,7,2,"PC",NA,NA,0.368084605779633,0.4375
"28",10138,"audio","incongruent",2.52924207692308,0.77030467388024,2.379998,13,1,"VR",0.439584,"cost",0.304559488752989,0.8125
"29",10138,"visual","incongruent",2.56696204444444,0.728051543674428,2.660568,9,2,"VR",0.360077,"cost",0.28362380552144,0.5625
"30",10138,"audio.visual","incongruent",2.8001485,0.693392551817708,2.4500505,12,0,"VR",0.2904135,"cost",0.247627063999537,0.75
"31",10138,"audio","congruent",2.49352553333333,1.23621940988274,2.000427,15,0,"VR",-0.0600130000000003,"benefit",0.495771706909362,0.9375
"32",10138,"visual","congruent",2.94700183333333,0.938747104015757,2.840607,12,1,"VR",-0.540116,"benefit",0.318543101465921,0.75
"33",10138,"audio.visual","congruent",2.32185627272727,0.6269023848634,2.399597,11,0,"VR",-0.23996,"benefit",0.270000513049429,0.6875
"34",10138,"audio","neutral",2.38938369230769,0.82456163948745,1.940414,13,1,"VR",NA,NA,0.345093859199767,0.8125
"35",10138,"visual","neutral",2.26031707692308,0.833944157347227,2.300491,13,1,"VR",NA,NA,0.368950076014317,0.8125
"36",10138,"audio.visual","neutral",2.12927702307692,0.8093373449936,2.159637,13,1,"VR",NA,NA,0.380099600109366,0.8125
"199",10138,"audio","incongruent",2.35154257142857,0.574114293404627,2.3600505,14,1,"PC",0.4003795,"cost",0.244143695453428,0.875
"200",10138,"visual","incongruent",3.00707166666667,0.956995717633705,2.940628,9,2,"PC",0.461044,"cost",0.31824839036661,0.5625
"201",10138,"audio.visual","incongruent",2.6203964,1.51610609783049,2.139641,5,0,"PC",-0.820991,"cost",0.578578911889244,0.3125
"202",10138,"audio","congruent",2.01853946153846,0.324573602196434,1.900037,13,0,"PC",0.059634,"benefit",0.160796263031219,0.8125
"203",10138,"visual","congruent",2.19721514285714,0.877968797661954,2.060047,14,1,"PC",0.419537,"benefit",0.399582535427227,0.875
"204",10138,"audio.visual","congruent",2.08728614285714,0.451485591050914,2.150263,14,1,"PC",0.810369,"benefit",0.216302682119523,0.875
"205",10138,"audio","neutral",2.30564254545455,1.07400195593736,1.959671,11,1,"PC",NA,NA,0.465814598214584,0.6875
"206",10138,"visual","neutral",2.68010176923077,0.711632418713383,2.479584,13,0,"PC",NA,NA,0.265524401678833,0.8125
"207",10138,"audio.visual","neutral",2.87411253846154,0.747627763660011,2.960632,13,1,"PC",NA,NA,0.260124735428837,0.8125
"37",10139,"audio","incongruent",1.77103468888889,1.00364468953909,1.500034,9,0,"VR",-0.200329,"cost",0.566699622449947,0.5625
"38",10139,"visual","incongruent",1.7621172,0.340670070976728,1.710209,10,0,"VR",0.0703155000000002,"cost",0.193329973157704,0.625
"39",10139,"audio.visual","incongruent",1.72183774545455,0.882325995889769,1.259789,11,0,"VR",-0.540596,"cost",0.512432718018297,0.6875
"40",10139,"audio","congruent",1.70361816666667,0.439986792931092,1.720367,12,0,"VR",-0.0200040000000001,"benefit",0.258266084231761,0.75
"41",10139,"visual","congruent",1.88915317692308,0.846544545475068,1.779701,13,1,"VR",-0.1398075,"benefit",0.448107943715746,0.8125
"42",10139,"audio.visual","congruent",1.625171,0.349507830711078,1.5703355,12,0,"VR",0.2300495,"benefit",0.215059111140353,0.75
"43",10139,"audio","neutral",1.79290572727273,0.674085312833634,1.700363,11,1,"VR",NA,NA,0.375973651363709,0.6875
"44",10139,"visual","neutral",2.15212994,1.36287769592077,1.6398935,10,2,"VR",NA,NA,0.633269242061085,0.625
"45",10139,"audio.visual","neutral",1.77846181818182,0.45488234613509,1.800385,11,1,"VR",NA,NA,0.255772905262668,0.6875
"208",10139,"audio","incongruent",1.6526088,0.491942271137847,1.610344,8,1,"PC",-0.249344,"cost",0.297676177893913,0.5
"209",10139,"visual","incongruent",2.07343357777778,1.05468008030812,2.419594,9,0,"PC",0.329342,"cost",0.508663548045018,0.5625
"210",10139,"audio.visual","incongruent",2.14314814285714,0.570874121928068,1.980423,7,0,"PC",0.5004005,"cost",0.266371750282743,0.4375
"211",10139,"audio","congruent",1.41607063,0.585100675465088,1.229794,10,0,"PC",0.629894,"benefit",0.413186082014206,0.625
"212",10139,"visual","congruent",1.60022945714286,0.5701859508776,1.599731,7,1,"PC",0.490521,"benefit",0.356315119892645,0.4375
"213",10139,"audio.visual","congruent",1.78543160909091,1.08389712096146,1.580036,11,1,"PC",-0.1000135,"benefit",0.607078487600736,0.6875
"214",10139,"audio","neutral",1.83691845384615,0.962306689715215,1.859688,13,0,"PC",NA,NA,0.523870119384086,0.8125
"215",10139,"visual","neutral",1.94814983,0.676644923327606,2.090252,10,2,"PC",NA,NA,0.347326942162147,0.625
"216",10139,"audio.visual","neutral",1.69612009,0.802413751117986,1.4800225,10,1,"PC",NA,NA,0.47308781721817,0.625
"46",10156,"audio","incongruent",1.7012435,0.421157606464373,1.5500355,16,0,"VR",-0.1903365,"cost",0.247558686610337,1
"47",10156,"visual","incongruent",1.92378836363636,0.426228025549065,1.900406,11,0,"VR",0.0600129999999999,"cost",0.22155660861957,0.6875
"48",10156,"audio.visual","incongruent",2.01330944444444,0.491375559694952,1.720367,9,0,"VR",-0.279679,"cost",0.244063604355933,0.5625
"49",10156,"audio","congruent",1.944137,0.976412568696099,1.519745,15,0,"VR",0.220627,"benefit",0.502234445770076,0.9375
"50",10156,"visual","congruent",1.68440771428571,0.477925879968276,1.620346,14,0,"VR",0.220047,"benefit",0.283735271404254,0.875
"51",10156,"audio.visual","congruent",1.83107084615385,0.510492295580427,1.840393,13,0,"VR",0.159653,"benefit",0.278794398727233,0.8125
"52",10156,"audio","neutral",2.00179084615385,0.87931108053586,1.740372,13,0,"VR",NA,NA,0.439262214744028,0.8125
"53",10156,"visual","neutral",1.88618315384615,0.349749669068904,1.840393,13,0,"VR",NA,NA,0.18542720432834,0.8125
"54",10156,"audio.visual","neutral",2.06542790909091,0.402167217072564,2.000046,11,1,"VR",NA,NA,0.194713751713356,0.6875
"217",10156,"audio","incongruent",1.30020042666667,0.226099080155238,1.240028,15,1,"PC",-0.0601244999999999,"cost",0.173895559113829,0.9375
"218",10156,"visual","incongruent",1.4299932,0.351693686592877,1.360012,10,0,"PC",-0.110167,"cost",0.245940810482789,0.625
"219",10156,"audio.visual","incongruent",1.55859430769231,0.383368495848399,1.439758,13,0,"PC",-0.0999839999999999,"cost",0.245970676240967,0.8125
"220",10156,"audio","congruent",1.23880759375,0.20856383530617,1.270031,16,0,"PC",0.0301214999999999,"benefit",0.168358537967002,1
"221",10156,"visual","congruent",1.2901454375,0.201138875709949,1.260147,16,0,"PC",0.210032,"benefit",0.155904032106419,1
"222",10156,"audio.visual","congruent",1.18998759375,0.141621568660429,1.159914,16,0,"PC",0.379828,"benefit",0.119010962302672,1
"223",10156,"audio","neutral",1.41141034375,0.525645184147403,1.3001525,16,0,"PC",NA,NA,0.37242548665954,1
"224",10156,"visual","neutral",1.54138878571429,0.31148705567973,1.470179,14,0,"PC",NA,NA,0.202082082448385,0.875
"225",10156,"audio.visual","neutral",1.70678306666667,0.580678014395053,1.539742,15,0,"PC",NA,NA,0.340217820141087,0.9375
"55",10158,"audio","incongruent",1.9869965,0.695901110133473,1.8902065,12,0,"VR",-0.1200285,"cost",0.350227647675007,0.75
"56",10158,"visual","incongruent",1.758103,0.429010047266702,1.6101855,10,1,"VR",-0.7903275,"cost",0.244018722035456,0.625
"57",10158,"audio.visual","incongruent",2.61128611111111,0.983612204636619,2.300053,9,0,"VR",0.1300055,"cost",0.376677301062996,0.5625
"58",10158,"audio","congruent",2.2961105,1.13984857890523,1.770216,10,0,"VR",0.240019,"benefit",0.496425837913825,0.625
"59",10158,"visual","congruent",1.83779255555556,0.690711888741086,1.559738,9,1,"VR",0.840775,"benefit",0.375837787922852,0.5625
"60",10158,"audio.visual","congruent",1.86734721428571,0.982042465358193,1.5203245,14,1,"VR",0.649723,"benefit",0.525902444840092,0.875
"61",10158,"audio","neutral",2.26444342857143,0.814130169881821,2.010235,14,0,"VR",NA,NA,0.359527714231939,0.875
"62",10158,"visual","neutral",2.71762285714286,1.09561621859564,2.400513,7,1,"VR",NA,NA,0.40315241524996,0.4375
"63",10158,"audio.visual","neutral",2.05731955,0.581066000199159,2.1700475,8,1,"VR",NA,NA,0.282438379686402,0.5
"226",10158,"audio","incongruent",2.1576206,0.515194151934533,2.040436,15,0,"PC",0.180393,"cost",0.238778843664421,0.9375
"227",10158,"visual","incongruent",2.1214132,0.691644541353556,1.980045,15,1,"PC",-0.0199949999999998,"cost",0.326030092276958,0.9375
"228",10158,"audio.visual","incongruent",2.283437,0.374307983018117,2.2404785,12,0,"PC",0.1206345,"cost",0.163923061165303,0.75
"229",10158,"audio","congruent",2.39089023076923,0.421104872340837,2.199631,13,1,"PC",-0.339588,"benefit",0.176128902498946,0.8125
"230",10158,"visual","congruent",2.02140213333333,0.583385472808731,2.040436,15,0,"PC",-0.0403960000000003,"benefit",0.288604361887516,0.9375
"231",10158,"audio.visual","congruent",1.94874842857143,0.560504976655147,1.810387,14,1,"PC",0.309457,"benefit",0.287623055104161,0.875
"232",10158,"audio","neutral",2.201888,0.846509164696796,1.860043,13,1,"PC",NA,NA,0.384446967646309,0.8125
"233",10158,"visual","neutral",2.04468184615385,0.583399555579171,2.00004,13,1,"PC",NA,NA,0.285325346178711,0.8125
"234",10158,"audio.visual","neutral",2.26591657142857,0.693318270949177,2.119844,14,0,"PC",NA,NA,0.305976963005336,0.875
"64",20005,"audio","incongruent",2.37234169230769,0.780869202923296,2.259621,13,3,"VR",0.419228,"cost",0.329155452376553,0.8125
"65",20005,"visual","incongruent",2.27862841666667,0.629996871335155,2.260269,12,2,"VR",-0.1900055,"cost",0.276480740223874,0.75
"66",20005,"audio.visual","incongruent",2.4422105,0.799694636247035,2.389599,10,0,"VR",0.0390969999999995,"cost",0.327447055135925,0.625
"67",20005,"audio","congruent",2.46823013333333,0.743269773009472,2.520538,15,0,"VR",-0.680145,"benefit",0.301134713077054,0.9375
"68",20005,"visual","congruent",2.42193018181818,1.04770338282911,2.140049,11,1,"VR",0.3102255,"benefit",0.432590249997456,0.6875
"69",20005,"audio.visual","congruent",2.598077,0.901622506970212,2.420517,9,1,"VR",-0.0700150000000002,"benefit",0.347034559395357,0.5625
"70",20005,"audio","neutral",2.06307453846154,0.408266692554147,1.840393,13,1,"VR",NA,NA,0.19789236159087,0.8125
"71",20005,"visual","neutral",2.46507958333333,0.598126234015022,2.4502745,12,1,"VR",NA,NA,0.24263972573503,0.75
"72",20005,"audio.visual","neutral",2.52304585714286,0.914039459490155,2.350502,14,1,"VR",NA,NA,0.362276197597625,0.875
"235",20005,"audio","incongruent",1.56016648571429,0.762406410498397,1.4200365,14,1,"PC",-0.4403605,"cost",0.488669906371785,0.875
"236",20005,"visual","incongruent",1.5857757,0.992974082200002,1.400299,7,0,"PC",-0.360077,"cost",0.626175620045131,0.4375
"237",20005,"audio.visual","incongruent",1.71616365,0.851246439451192,2.0400275,10,0,"PC",-0.2897435,"cost",0.496017054930159,0.625
"238",20005,"audio","congruent",1.62018070909091,0.586796033637763,1.400299,11,1,"PC",0.460098,"benefit",0.362179373168205,0.6875
"239",20005,"visual","congruent",1.89111443076923,0.861253117263061,1.600342,13,1,"PC",0.160034,"benefit",0.455420942937195,0.8125
"240",20005,"audio.visual","congruent",1.947631875,1.09365228170925,1.6300015,8,0,"PC",0.6997695,"benefit",0.561529258042794,0.5
"241",20005,"audio","neutral",1.79716332857143,0.819755538875371,1.860397,7,1,"PC",NA,NA,0.456138585649306,0.4375
"242",20005,"visual","neutral",1.93654904545455,0.965737582990184,1.760376,11,0,"PC",NA,NA,0.498689968765292,0.6875
"243",20005,"audio.visual","neutral",2.26305855,1.360706768577,2.329771,6,0,"PC",NA,NA,0.601268919258407,0.375
"73",20008,"audio","incongruent",2.32577392857143,0.718930152874444,1.9700505,14,0,"VR",0.1100075,"cost",0.309114374377752,0.875
"74",20008,"visual","incongruent",2.16316842857143,0.51076086786144,2.0600465,14,0,"VR",-0.3000075,"cost",0.236117012949727,0.875
"75",20008,"audio.visual","incongruent",2.28188818181818,0.696220663118069,2.080444,11,2,"VR",-0.109816,"cost",0.30510726540655,0.6875
"76",20008,"audio","congruent",2.02676508333333,0.506658415036198,1.890043,12,1,"VR",-0.0299999999999998,"benefit",0.24998378904521,0.75
"77",20008,"visual","congruent",2.1027994,0.629242548917438,2.020045,15,0,"VR",0.340009,"benefit",0.299240407295835,0.9375
"78",20008,"audio.visual","congruent",2.05461872727273,0.370737967998178,1.919678,11,0,"VR",0.270582000000001,"benefit",0.180441248333354,0.6875
"79",20008,"audio","neutral",2.08014307692308,0.607292033305293,1.860043,13,0,"VR",NA,NA,0.291947241534747,0.8125
"80",20008,"visual","neutral",2.55645681818182,0.98685488917873,2.360054,11,1,"VR",NA,NA,0.386024470337267,0.6875
"81",20008,"audio.visual","neutral",2.286802,0.480242373693837,2.19026,12,1,"VR",NA,NA,0.210006101837342,0.75
"244",20008,"audio","incongruent",1.79280768545455,0.862329999088354,1.720367,11,1,"PC",0.040008,"cost",0.48099414459489,0.6875
"245",20008,"visual","incongruent",1.71163234285714,0.573222120025757,1.680038,7,3,"PC",-0.200364,"cost",0.334897925023376,0.4375
"246",20008,"audio.visual","incongruent",1.28674218888889,0.60619540570449,1.099815,9,0,"PC",-1.3302405,"cost",0.471108673469348,0.5625
"247",20008,"audio","congruent",1.79297184285714,0.640150553643568,1.690361,14,1,"PC",-0.0100020000000001,"benefit",0.357033244104644,0.875
"248",20008,"visual","congruent",1.9179323,0.734113671130013,1.92041,9,6,"PC",-0.040008,"benefit",0.382763078305743,0.5625
"249",20008,"audio.visual","congruent",1.81504380833333,0.583027570524324,1.8798595,12,0,"PC",0.550196,"benefit",0.321219558364098,0.75
"250",20008,"audio","neutral",1.84364490909091,0.659104776673702,1.680359,11,2,"PC",NA,NA,0.357500933842354,0.6875
"251",20008,"visual","neutral",2.00475338461538,0.761456478064301,1.880402,13,2,"PC",NA,NA,0.379825510662693,0.8125
"252",20008,"audio.visual","neutral",2.560093,1.15030927889317,2.4300555,8,3,"PC",NA,NA,0.449323238996851,0.5
"82",30010,"audio","incongruent",1.58419453,0.599067585171831,1.5300485,10,2,"VR",-0.1699905,"cost",0.378152792366876,0.625
"83",30010,"visual","incongruent",1.86452866666667,0.421995757916178,1.839998,9,1,"VR",-0.180048,"cost",0.22632838285646,0.5625
"84",30010,"audio.visual","incongruent",1.5087677,0.72903889895814,1.50032,7,0,"VR",-0.5695405,"cost",0.483201555122196,0.4375
"85",30010,"audio","congruent",1.62930758181818,0.566345040906693,1.420303,11,0,"VR",0.279736,"benefit",0.347598603987772,0.6875
"86",30010,"visual","congruent",1.71618651333333,0.502147095757902,1.600342,15,0,"VR",0.419704,"benefit",0.292594710339837,0.9375
"87",30010,"audio.visual","congruent",1.58000099090909,0.399168269400513,1.620346,11,1,"VR",0.4495145,"benefit",0.252637986746352,0.6875
"88",30010,"audio","neutral",1.74152835714286,0.38878833337763,1.700039,14,0,"VR",NA,NA,0.223245479628867,0.875
"89",30010,"visual","neutral",2.037711125,0.553357490920507,2.020046,8,2,"VR",NA,NA,0.271558359834006,0.5
"90",30010,"audio.visual","neutral",2.03796834,0.579920770566425,2.0698605,10,0,"VR",NA,NA,0.284558282473821,0.625
"253",30010,"audio","incongruent",1.25388187692308,0.229887256095237,1.299782,13,0,"PC",0.139534,"cost",0.183340440855052,0.8125
"254",30010,"visual","incongruent",1.44464120769231,0.462379332355799,1.30003,13,2,"PC",0.0597650000000001,"cost",0.320065169049421,0.8125
"255",30010,"audio.visual","incongruent",1.533537825,0.518854403650395,1.480166,12,0,"PC",0.019854,"cost",0.338338184550743,0.75
"256",30010,"audio","congruent",1.49400835384615,0.507738969410445,1.380032,13,2,"PC",-0.219784,"benefit",0.33985015418644,0.8125
"257",30010,"visual","congruent",1.53011733333333,0.383438069637738,1.4600305,12,0,"PC",-0.2197655,"benefit",0.250593899751744,0.75
"258",30010,"audio.visual","congruent",1.40636153846154,0.257694821220637,1.380295,13,0,"PC",0.080017,"benefit",0.183235117125385,0.8125
"259",30010,"audio","neutral",1.34777833076923,0.527622034813854,1.160248,13,1,"PC",NA,NA,0.391475380460168,0.8125
"260",30010,"visual","neutral",1.33070762,0.300910622075498,1.240265,15,0,"PC",NA,NA,0.226128277581741,0.9375
"261",30010,"audio.visual","neutral",1.54942314,0.474478625629296,1.460312,15,1,"PC",NA,NA,0.306229210975445,0.9375
"91",30020,"audio","incongruent",1.66816553333333,0.341907804831082,1.540329,15,0,"VR",-0.019703,"cost",0.204960357949538,0.9375
"92",30020,"visual","incongruent",1.52309192307692,0.333051399467475,1.360031,13,1,"VR",-0.170149,"cost",0.21866795721341,0.8125
"93",30020,"audio.visual","incongruent",1.6288503125,0.332905916009658,1.570034,16,0,"VR",-0.0499649999999998,"cost",0.204380914228211,1
"94",30020,"audio","congruent",1.528851625,0.221938383933582,1.5000305,16,0,"VR",0.0600015,"benefit",0.145166725341043,1
"95",30020,"visual","congruent",1.5888471875,0.416102593665267,1.490318,16,0,"VR",0.0398620000000003,"benefit",0.261889624715887,1
"96",30020,"audio.visual","congruent",1.60531686666667,0.271077265427054,1.619728,15,0,"VR",0.00027099999999991,"benefit",0.168862154915202,0.9375
"97",30020,"audio","neutral",1.576287125,0.263519315987747,1.560032,16,0,"VR",NA,NA,0.167177230473,1
"98",30020,"visual","neutral",1.56143325,0.204700665672424,1.53018,16,0,"VR",NA,NA,0.13109792920858,1
"99",30020,"audio.visual","neutral",1.67883233333333,0.200265392660292,1.619999,15,0,"VR",NA,NA,0.119288501111164,0.9375
"262",30020,"audio","incongruent",1.47880781875,0.684278752113829,1.360291,16,0,"PC",-0.099464,"cost",0.462723244655437,1
"263",30020,"visual","incongruent",1.767888,0.468132605983604,1.740372,13,0,"PC",0.360077,"cost",0.264797660249746,0.8125
"264",30020,"audio.visual","incongruent",1.49440814285714,0.383058604237977,1.4497565,14,0,"PC",-0.1102795,"cost",0.256327969081868,0.875
"265",30020,"audio","congruent",1.48413874,0.564595476237901,1.399765,15,0,"PC",0.05999,"benefit",0.380419607022657,0.9375
"266",30020,"visual","congruent",1.80271596666667,0.831761131023214,1.520035,15,1,"PC",-0.13974,"benefit",0.4613933345036,0.9375
"267",30020,"audio.visual","congruent",1.64805186666667,0.493237149622032,1.520325,15,0,"PC",0.0397110000000001,"benefit",0.299284967662849,0.9375
"268",30020,"audio","neutral",1.57072093333333,0.401032864978397,1.459755,15,0,"PC",NA,NA,0.255317705690302,0.9375
"269",30020,"visual","neutral",1.796213,1.02396089628127,1.380295,15,0,"PC",NA,NA,0.570066521220629,0.9375
"270",30020,"audio.visual","neutral",1.76630415384615,0.554229000412562,1.560036,13,1,"PC",NA,NA,0.313778914693554,0.8125
"100",30025,"audio","incongruent",1.41682318333333,0.36597672351686,1.5101595,12,2,"VR",0.1698735,"cost",0.258307972245226,0.75
"101",30025,"visual","incongruent",1.645116175,0.852578535032566,1.4700165,12,1,"VR",0.1601125,"cost",0.518248223431738,0.75
"102",30025,"audio.visual","incongruent",1.2980614,0.360803844242023,1.299892,10,2,"VR",0.11964,"cost",0.277955915060739,0.625
"103",30025,"audio","congruent",1.61510096666667,0.950931398745202,1.340027,12,1,"VR",0.000259000000000009,"benefit",0.588775202523583,0.75
"104",30025,"visual","congruent",1.57776988888889,0.580802939221739,1.379768,9,3,"VR",-0.0698639999999999,"benefit",0.368116379525253,0.5625
"105",30025,"audio.visual","congruent",1.07823708181818,0.259543491286516,1.060226,11,1,"VR",0.120026,"benefit",0.24071096761842,0.6875
"106",30025,"audio","neutral",1.30012603636364,0.179178547686531,1.340286,11,2,"VR",NA,NA,0.137816290632623,0.6875
"107",30025,"visual","neutral",1.41506329166667,0.433165533958864,1.309904,12,2,"VR",NA,NA,0.306110360228962,0.75
"108",30025,"audio.visual","neutral",1.37410116,0.682108521203037,1.180252,10,1,"VR",NA,NA,0.496403424332337,0.625
"271",30025,"audio","incongruent",1.11436995,0.359043269273131,0.98983385,14,0,"PC",0.0096244499999999,"cost",0.322193961954135,0.875
"272",30025,"visual","incongruent",1.08707207142857,0.361379175807694,1.100025,14,0,"PC",-0.03999,"cost",0.332433502162179,0.875
"273",30025,"audio.visual","incongruent",1.13439037857143,0.373578909694289,1.00021355,14,0,"PC",-0.0498119499999998,"cost",0.329321296046912,0.875
"274",30025,"audio","congruent",0.99474558,0.19709267992113,1.020023,15,0,"PC",-0.0398135999999999,"benefit",0.198133757901322,0.9375
"275",30025,"visual","congruent",1.05871432,0.244136366594919,1.020218,15,0,"PC",0.119797,"benefit",0.230597019406443,0.9375
"276",30025,"audio.visual","congruent",0.978762353333333,0.184240664458636,0.9402008,15,0,"PC",0.1098247,"benefit",0.188238405197314,0.9375
"277",30025,"audio","neutral",0.965481133333333,0.170003280996631,0.9802094,15,0,"PC",NA,NA,0.17608141177207,0.9375
"278",30025,"visual","neutral",1.26668586666667,0.50913095939115,1.140015,12,0,"PC",NA,NA,0.40193940170103,0.75
"279",30025,"audio.visual","neutral",1.1614358,0.424467438826847,1.0500255,14,0,"PC",NA,NA,0.365467844909591,0.875
"109",30027,"audio","incongruent",1.77282390909091,0.510216594797828,1.899681,11,0,"VR",0.12948,"cost",0.28779880064877,0.6875
"110",30027,"visual","incongruent",1.59343549166667,0.441325651193322,1.6403505,12,0,"VR",0.1800385,"cost",0.27696486836233,0.75
"111",30027,"audio.visual","incongruent",2.00720254545455,0.599014881951586,1.960045,11,0,"VR",0.240006,"cost",0.29843270342004,0.6875
"112",30027,"audio","congruent",1.69239222307692,0.444096438527054,1.679718,13,1,"VR",0.0904830000000001,"benefit",0.262407515510587,0.8125
"113",30027,"visual","congruent",1.38605874,0.568485149569165,1.3802945,10,1,"VR",0.0800175000000001,"benefit",0.410145063238204,0.625
"114",30027,"audio.visual","congruent",1.76722075714286,0.492808132504569,1.7903825,14,0,"VR",-0.0703435000000001,"benefit",0.278860538793871,0.875
"115",30027,"audio","neutral",1.80846966666667,0.434156748584977,1.770201,12,0,"VR",NA,NA,0.240068582065413,0.75
"116",30027,"visual","neutral",1.40014955454545,0.40989696598068,1.460312,11,1,"VR",NA,NA,0.292752273962441,0.6875
"117",30027,"audio.visual","neutral",1.80023322222222,0.66797684717563,1.720039,9,0,"VR",NA,NA,0.371050172238836,0.5625
"280",30027,"audio","incongruent",1.37505915,0.287739627803819,1.300154,16,0,"PC",0.000129999999999963,"cost",0.209256182036837,1
"281",30027,"visual","incongruent",1.17240072307692,0.142464378340594,1.180027,13,0,"PC",-0.2598685,"cost",0.121515089112792,0.8125
"282",30027,"audio.visual","incongruent",1.6201350625,0.497941257809857,1.4800225,16,0,"PC",0.2997705,"cost",0.307345522811841,1
"283",30027,"audio","congruent",1.45850123846154,0.351746982372637,1.419762,13,0,"PC",-0.119738,"benefit",0.241170163656266,0.8125
"284",30027,"visual","congruent",1.24337465,0.414458804842744,1.1599125,12,1,"PC",0.279983,"benefit",0.333333806381483,0.75
"285",30027,"audio.visual","congruent",1.35434635,0.399705526142867,1.250267,14,0,"PC",-0.0700149999999999,"benefit",0.295127997460078,0.875
"286",30027,"audio","neutral",1.44542782,0.464834482988399,1.300024,15,0,"PC",NA,NA,0.321589550551475,0.9375
"287",30027,"visual","neutral",1.59012789375,0.604807383387301,1.4398955,16,0,"PC",NA,NA,0.38035140806252,1
"288",30027,"audio.visual","neutral",1.45246503846154,0.518539056359849,1.180252,13,0,"PC",NA,NA,0.357006222269618,0.8125
"118",30028,"audio","incongruent",2.6713189375,1.04523657071577,2.6705705,16,0,"VR",0.7901685,"cost",0.391281084427145,1
"119",30028,"visual","incongruent",2.01679484615385,0.450169955015482,1.979668,13,0,"VR",-0.880397,"cost",0.223210583800323,0.8125
"120",30028,"audio.visual","incongruent",2.50569263636364,0.710308594738128,2.460526,11,3,"VR",-0.060012,"cost",0.283477943156251,0.6875
"121",30028,"audio","congruent",2.27638990909091,0.84818414229959,2.019661,11,4,"VR",-0.139259,"benefit",0.37260055446227,0.6875
"122",30028,"visual","congruent",1.97851083333333,0.378746123806108,1.870224,12,4,"VR",0.989841,"benefit",0.19142989637717,0.75
"123",30028,"audio.visual","congruent",2.58013441666667,1.22799832193478,2.120209,12,1,"VR",0.400329,"benefit",0.475943545422434,0.75
"124",30028,"audio","neutral",2.20941461538462,0.74358299031486,1.880402,13,2,"VR",NA,NA,0.336552037420743,0.8125
"125",30028,"visual","neutral",2.82246433333333,1.13605372416097,2.860065,9,5,"VR",NA,NA,0.402504191370697,0.5625
"126",30028,"audio.visual","neutral",2.62357607692308,0.864011086718458,2.520538,13,1,"VR",NA,NA,0.329325722367376,0.8125
"289",30028,"audio","incongruent",1.88027930769231,0.47245658660477,1.800385,13,0,"PC",0.1101825,"cost",0.251269364435342,0.8125
"290",30028,"visual","incongruent",1.71692384615385,0.400808946602752,1.580036,13,0,"PC",-0.3198205,"cost",0.233445966459503,0.8125
"291",30028,"audio.visual","incongruent",1.61562466666667,0.318423008286148,1.600342,9,0,"PC",-0.239527,"cost",0.197089716971896,0.5625
"292",30028,"audio","congruent",1.5628402,0.291985953392135,1.519745,15,0,"PC",0.1704575,"benefit",0.186830331976446,0.9375
"293",30028,"visual","congruent",1.9850228125,0.433801207710509,1.9096795,16,0,"PC",-0.00982300000000036,"benefit",0.218537139713858,1
"294",30028,"audio.visual","congruent",1.63882375,0.542392802752089,1.4700355,16,0,"PC",0.3698335,"benefit",0.330964695106529,1
"295",30028,"audio","neutral",1.7013795625,0.408542007085354,1.6902025,16,0,"PC",NA,NA,0.240123965333781,1
"296",30028,"visual","neutral",2.04164683333333,0.638856986764762,1.8998565,12,0,"PC",NA,NA,0.31291258426009,0.75
"297",30028,"audio.visual","neutral",2.1721628,1.03835390147085,1.839869,10,2,"PC",NA,NA,0.478027660482377,0.625
"127",30034,"audio","incongruent",1.56352593333333,0.930290657540474,1.2601455,12,1,"VR",-0.4202135,"cost",0.594995348466755,0.75
"128",30034,"visual","incongruent",2.987823875,1.34969686375777,2.8300645,8,4,"VR",0.6900165,"cost",0.451732404661157,0.5
"129",30034,"audio.visual","incongruent",1.6676241625,0.800044657917744,1.6402015,8,0,"VR",0.3000395,"cost",0.479751178897747,0.5
"130",30034,"audio","congruent",1.58668585555556,0.886003325713037,2.019661,9,1,"VR",-0.339302,"benefit",0.558398704198958,0.5625
"131",30034,"visual","congruent",1.8798903,1.091707239049,1.649723,6,1,"VR",0.490325,"benefit",0.580729226087818,0.375
"132",30034,"audio.visual","congruent",1.99829645,0.969394379411079,1.939846,12,1,"VR",-0.599684,"benefit",0.48511039461191,0.75
"133",30034,"audio","neutral",2.04819788,0.917208519741025,1.680359,10,2,"VR",NA,NA,0.447812454400658,0.625
"134",30034,"visual","neutral",1.89140142857143,0.589795650289391,2.140048,7,0,"VR",NA,NA,0.311829969767371,0.4375
"135",30034,"audio.visual","neutral",1.482709425,0.586178844971361,1.340162,8,1,"VR",NA,NA,0.395343035585925,0.5
"298",30034,"audio","incongruent",2.12411373333333,0.928663341908256,1.999664,15,0,"PC",0.479635,"cost",0.437200384958164,0.9375
"299",30034,"visual","incongruent",1.93876942857143,0.667415108807072,1.8003845,14,0,"PC",0.1800385,"cost",0.344246767548245,0.875
"300",30034,"audio.visual","incongruent",1.90004633333333,1.07212337865087,1.499748,9,0,"PC",-0.670311,"cost",0.564261702381749,0.5625
"301",30034,"audio","congruent",1.68304892857143,0.475780206712409,1.470171,14,0,"PC",0.049858,"benefit",0.282689468283165,0.875
"302",30034,"visual","congruent",2.03842658333333,0.945755308118279,1.7896995,12,2,"PC",-0.1693535,"benefit",0.463963390122069,0.75
"303",30034,"audio.visual","congruent",1.71004814285714,0.541471633600769,1.540178,14,0,"PC",0.629881,"benefit",0.316641163503198,0.875
"304",30034,"audio","neutral",1.90945633333333,0.944960519893266,1.520029,15,1,"PC",NA,NA,0.494884592748791,0.9375
"305",30034,"visual","neutral",1.73349773333333,0.428019698288603,1.620346,15,0,"PC",NA,NA,0.246911022759497,0.9375
"306",30034,"audio.visual","neutral",2.268581,0.748673369902544,2.170059,14,1,"PC",NA,NA,0.330018355043326,0.875
"136",30036,"audio","incongruent",0.973328488888889,0.529172415954945,0.9198456,9,0,"VR",-0.3601799,"cost",0.543672996317026,0.5625
"137",30036,"visual","incongruent",1.40806378,0.721538771165912,1.4403075,10,1,"VR",0.1800385,"cost",0.512433301257073,0.625
"138",30036,"audio.visual","incongruent",0.9851045875,0.396573002358213,1.0602264,8,0,"VR",-0.0599060999999999,"cost",0.402569440230338,0.5
"139",30036,"audio","congruent",1.24360595454545,0.600218761560492,1.220261,11,0,"VR",0.0597645,"benefit",0.482643846603224,0.6875
"140",30036,"visual","congruent",1.22775424615385,0.532248935203467,0.9800224,13,0,"VR",0.2802466,"benefit",0.433514228821305,0.8125
"141",30036,"audio.visual","congruent",1.51342226666667,0.588677717069272,1.30003,9,1,"VR",-0.1798975,"benefit",0.38897122768376,0.5625
"142",30036,"audio","neutral",1.2299827,0.122305341079929,1.2800255,10,0,"VR",NA,NA,0.0994366352306655,0.625
"143",30036,"visual","neutral",1.35288544545455,0.565344252046583,1.260269,11,1,"VR",NA,NA,0.41788035634949,0.6875
"144",30036,"audio.visual","neutral",0.98176225,0.399717230989198,1.1201325,12,0,"VR",NA,NA,0.407142595866971,0.75
"307",30036,"audio","incongruent",1.49077056666667,0.528402381407418,1.260269,15,1,"PC",-0.37978,"cost",0.354449164225797,0.9375
"308",30036,"visual","incongruent",1.36692558333333,0.377191397793801,1.330284,6,2,"PC",-0.469414,"cost",0.275941428262683,0.375
"309",30036,"audio.visual","incongruent",1.5643342,0.236862725131457,1.680359,5,0,"PC",0.030327,"cost",0.151414400536315,0.3125
"310",30036,"audio","congruent",1.44186863636364,0.278907590431767,1.399999,11,5,"PC",0.24005,"benefit",0.193434813267849,0.6875
"311",30036,"visual","congruent",1.44011342857143,0.361283465409028,1.439901,14,1,"PC",0.359797,"benefit",0.250871534311999,0.875
"312",30036,"audio.visual","congruent",1.61168933333333,0.427253804630399,1.600342,12,4,"PC",0.04969,"benefit",0.265096874313081,0.75
"313",30036,"audio","neutral",1.6567711,0.444393450326021,1.640049,12,3,"PC",NA,NA,0.268228634798145,0.75
"314",30036,"visual","neutral",1.772520625,0.469651980068505,1.799698,8,8,"PC",NA,NA,0.264962773038822,0.5
"315",30036,"audio.visual","neutral",1.7582304,0.440122942053998,1.650032,10,6,"PC",NA,NA,0.250321540370362,0.625
"145",30049,"audio","incongruent",2.399986,0.610839183505029,2.170464,12,2,"VR",0.150032,"cost",0.254517811147661,0.75
"146",30049,"visual","incongruent",1.98837663333333,0.901870846502845,1.880043,12,1,"VR",0.0896605000000001,"cost",0.453571436811214,0.75
"147",30049,"audio.visual","incongruent",1.64719748181818,0.631922524424972,1.600037,11,0,"VR",-0.8500325,"cost",0.383634950514527,0.6875
"148",30049,"audio","congruent",1.7374016,0.401391750186914,1.840042,15,1,"VR",0.18039,"benefit",0.231029918578937,0.9375
"149",30049,"visual","congruent",2.15203383333333,0.74329003202651,1.9904255,12,2,"VR",-0.200043,"benefit",0.345389566145998,0.75
"150",30049,"audio.visual","congruent",1.91349625,0.332875805359931,1.8600425,12,1,"VR",0.590027,"benefit",0.173962089217541,0.75
"151",30049,"audio","neutral",2.266832,0.863135427435596,2.020432,15,1,"VR",NA,NA,0.380767267903222,0.9375
"152",30049,"visual","neutral",1.69423186,0.683799811671821,1.7903825,10,4,"VR",NA,NA,0.403604623319869,0.625
"153",30049,"audio.visual","neutral",2.54879171428571,0.703697920448434,2.4500695,14,0,"VR",NA,NA,0.276090790983147,0.875
"316",30049,"audio","incongruent",2.01099684615385,0.845932543705943,1.660355,13,3,"PC",-0.219688,"cost",0.420653341810973,0.8125
"317",30049,"visual","incongruent",2.11792455555556,0.708133963734637,1.880043,9,1,"PC",0.139671,"cost",0.334352780356185,0.5625
"318",30049,"audio.visual","incongruent",1.8522863,0.561615053976585,1.8603975,10,3,"PC",-0.0996005,"cost",0.30320099758692,0.625
"319",30049,"audio","congruent",2.17515275,1.04383849366471,1.8796845,12,1,"PC",0.000358499999999706,"benefit",0.479892041450747,0.75
"320",30049,"visual","congruent",2.31529623076923,0.958800485674084,2.199631,13,2,"PC",-0.459259,"benefit",0.414115685471286,0.8125
"321",30049,"audio.visual","congruent",2.49491026666667,0.883447341438596,2.420517,15,1,"PC",-0.460519,"benefit",0.35409984609143,0.9375
"322",30049,"audio","neutral",2.08548706666667,0.788989652538021,1.880043,15,0,"PC",NA,NA,0.378323924971206,0.9375
"323",30049,"visual","neutral",2.18015233333333,0.946847678094353,1.740372,15,1,"PC",NA,NA,0.434303449175349,0.9375
"324",30049,"audio.visual","neutral",2.09861106666667,0.655339793490965,1.959998,15,0,"PC",NA,NA,0.312273104769182,0.9375
"154",30051,"audio","incongruent",1.89871138461538,0.402253600699347,1.92041,13,0,"VR",-0.179237999999999,"cost",0.211856106177417,0.8125
"155",30051,"visual","incongruent",2.53166628571429,0.937633196020653,2.399597,7,2,"VR",-0.170685,"cost",0.370362081808151,0.4375
"156",30051,"audio.visual","incongruent",2.157367625,0.471162223559371,2.0996475,8,1,"VR",0.1192245,"cost",0.218396817537934,0.5
"157",30051,"audio","congruent",2.16017915384615,0.54015905000778,2.019661,13,2,"VR",0.0799869999999996,"benefit",0.250052894476849,0.8125
"158",30051,"visual","congruent",1.74007672727273,0.380766277994806,1.759705,11,3,"VR",0.810577,"benefit",0.21882154506577,0.6875
"159",30051,"audio.visual","congruent",2.07240984615385,0.459914513962984,2.06044,13,1,"VR",-0.0800169999999998,"benefit",0.221922567496257,0.8125
"160",30051,"audio","neutral",2.488046,0.910330927163539,2.099648,15,0,"VR",NA,NA,0.365881871622767,0.9375
"161",30051,"visual","neutral",2.38282775,0.988229375561268,2.570282,8,5,"VR",NA,NA,0.414729673834489,0.5
"162",30051,"audio.visual","neutral",2.0442807,0.429517099304699,1.980423,10,0,"VR",NA,NA,0.210106713478584,0.625
"325",30051,"audio","incongruent",1.768525525,0.700472733723888,1.630192,12,1,"PC",-0.270214,"cost",0.396077254086501,0.75
"326",30051,"visual","incongruent",1.96569885714286,0.573754950903673,2.039658,7,1,"PC",-0.170166,"cost",0.291883443294883,0.4375
"327",30051,"audio.visual","incongruent",2.079992875,0.496248695830582,2.1000785,8,2,"PC",-0.0199695000000002,"cost",0.238581921022485,0.5
"328",30051,"audio","congruent",1.98315585384615,0.830491753773205,1.879998,13,0,"PC",0.020408,"benefit",0.418772812112846,0.8125
"329",30051,"visual","congruent",2.23332066666667,0.864679348326771,2.140457,15,1,"PC",0.0693670000000002,"benefit",0.387172053360946,0.9375
"330",30051,"audio.visual","congruent",1.90551572,0.819432423798577,1.860043,15,0,"PC",0.260005,"benefit",0.430031836105019,0.9375
"331",30051,"audio","neutral",2.0534458,0.789864283255873,1.900406,15,0,"PC",NA,NA,0.384653095424225,0.9375
"332",30051,"visual","neutral",2.2676079,0.921160078002993,2.209824,8,1,"PC",NA,NA,0.406225466934999,0.5
"333",30051,"audio.visual","neutral",2.16635616153846,0.874665529792773,2.120048,13,0,"PC",NA,NA,0.403749644366705,0.8125
"163",30053,"audio","incongruent",1.8907888,0.396991603574793,1.779701,15,0,"VR",0,"cost",0.209960839399299,0.9375
"164",30053,"visual","incongruent",2.03132166666667,0.387575407126471,1.980423,9,0,"VR",0.260056,"cost",0.190799622475583,0.5625
"165",30053,"audio.visual","incongruent",1.867814,0.359437652509213,1.860397,13,0,"VR",-0.0992739999999996,"cost",0.192437604873511,0.8125
"166",30053,"audio","congruent",1.677459,0.296733054316502,1.620346,15,0,"VR",0.159355,"benefit",0.176894370781344,0.9375
"167",30053,"visual","congruent",2.0655444,0.643358767157819,1.839691,15,0,"VR",-0.119324,"benefit",0.311471768487678,0.9375
"168",30053,"audio.visual","congruent",1.93710992857143,0.41457430517088,1.859867,14,0,"VR",0.0998039999999998,"benefit",0.214016922352268,0.875
"169",30053,"audio","neutral",1.7480662,0.187347307202502,1.779701,15,0,"VR",NA,NA,0.107174034485937,0.9375
"170",30053,"visual","neutral",2.02810886666667,0.671184551082303,1.720367,15,0,"VR",NA,NA,0.330941086109169,0.9375
"171",30053,"audio.visual","neutral",2.01084273333333,0.430080926438181,1.959671,15,0,"VR",NA,NA,0.213880936240719,0.9375
"334",30053,"audio","incongruent",1.73564592857143,0.485699669946589,1.559889,14,0,"PC",0.119581,"cost",0.279837991119743,0.875
"335",30053,"visual","incongruent",1.464206,0.133808936700805,1.520325,5,0,"PC",-0.279373,"cost",0.0913866878709723,0.3125
"336",30053,"audio.visual","incongruent",1.9242448,0.58302548240167,1.800385,5,0,"PC",-0.279266,"cost",0.30298924669131,0.3125
"337",30053,"audio","congruent",1.6038875,0.320265423268055,1.459877,16,0,"PC",-0.0195690000000002,"benefit",0.199680727774271,1
"338",30053,"visual","congruent",1.687563625,0.519072535309646,1.550162,16,0,"PC",0.249536,"benefit",0.307586942275818,1
"339",30053,"audio.visual","congruent",1.49216333333333,0.307181578678444,1.439758,15,0,"PC",0.639893,"benefit",0.205863240180439,0.9375
"340",30053,"audio","neutral",1.76314661538462,0.653183978585735,1.440308,13,0,"PC",NA,NA,0.370464924973496,0.8125
"341",30053,"visual","neutral",1.88147926666667,0.566966427749659,1.799698,15,0,"PC",NA,NA,0.301340778925578,0.9375
"342",30053,"audio.visual","neutral",2.07549146153846,0.62900343518095,2.079651,13,0,"PC",NA,NA,0.303062405621607,0.8125
